,idx,mode,file,# Gadgets,CX depth,# CX,Rz depth,depth,# Rz,time,Original # Gadgets,Original CX depth,Original # CX,Original Rz depth,Original depth,Original # Rz,#phase_layers,#cnots_per_layer,notes,matroid,root_heuristic,split_heuristic,arch_density,architecture
0,0,steiner,GENERATED,7,12,13,4,14,7,0 days 00:00:00.002223000,7,8,8,4,12,7,,,,arianne,,count,0.5,4q-line
0,1,steiner,GENERATED,7,19,21,5,20,7,0 days 00:00:00.002794000,7,9,10,5,14,7,,,,arianne,,count,0.5,4q-line
0,2,steiner,GENERATED,7,16,18,5,20,7,0 days 00:00:00.002621000,7,7,8,3,10,7,,,,arianne,,count,0.5,4q-line
0,3,steiner,GENERATED,7,25,27,7,30,7,0 days 00:00:00.002989000,7,10,10,6,16,7,,,,arianne,,count,0.5,4q-line
0,4,steiner,GENERATED,7,22,26,5,24,7,0 days 00:00:00.002501000,7,8,8,5,13,7,,,,arianne,,count,0.5,4q-line
0,5,steiner,GENERATED,7,16,18,5,20,7,0 days 00:00:00.002130000,7,11,13,5,16,7,,,,arianne,,count,0.5,4q-line
0,6,steiner,GENERATED,7,17,19,4,19,7,0 days 00:00:00.002279000,7,7,8,4,11,7,,,,arianne,,count,0.5,4q-line
0,7,steiner,GENERATED,7,15,19,5,20,7,0 days 00:00:00.001231000,7,9,10,5,14,7,,,,arianne,,count,0.5,4q-line
0,8,steiner,GENERATED,7,22,25,5,25,7,0 days 00:00:00.002656000,7,13,13,5,18,7,,,,arianne,,count,0.5,4q-line
0,9,steiner,GENERATED,7,20,22,5,23,7,0 days 00:00:00.002104000,7,13,14,5,18,7,,,,arianne,,count,0.5,4q-line
0,10,steiner,GENERATED,7,14,15,5,17,7,0 days 00:00:00.002818000,7,7,8,4,11,7,,,,arianne,,count,0.5,4q-line
0,11,steiner,GENERATED,7,19,21,5,21,7,0 days 00:00:00.001901000,7,7,8,5,11,7,,,,arianne,,count,0.5,4q-line
0,12,steiner,GENERATED,7,12,14,4,15,7,0 days 00:00:00.001722000,7,6,9,2,8,7,,,,arianne,,count,0.5,4q-line
0,13,steiner,GENERATED,7,18,21,4,22,7,0 days 00:00:00.001881000,7,7,9,4,11,7,,,,arianne,,count,0.5,4q-line
0,14,steiner,GENERATED,7,15,17,5,18,7,0 days 00:00:00.002596000,7,8,10,4,12,7,,,,arianne,,count,0.5,4q-line
0,15,steiner,GENERATED,7,15,16,4,17,7,0 days 00:00:00.002005000,7,11,12,5,16,7,,,,arianne,,count,0.5,4q-line
0,16,steiner,GENERATED,7,9,12,6,15,7,0 days 00:00:00.002020000,7,9,10,6,15,7,,,,arianne,,count,0.5,4q-line
0,17,steiner,GENERATED,7,18,21,4,20,7,0 days 00:00:00.002167000,7,7,8,5,11,7,,,,arianne,,count,0.5,4q-line
0,18,steiner,GENERATED,7,22,24,6,25,7,0 days 00:00:00.001912000,7,9,10,6,15,7,,,,arianne,,count,0.5,4q-line
0,19,steiner,GENERATED,7,20,21,6,23,7,0 days 00:00:00.003269000,7,9,10,5,13,7,,,,arianne,,count,0.5,4q-line
0,0,tket,GENERATED,,20,20,4,23,7,0 days 00:00:00.002458000,7,8,8,4,12,7,,,,gray,nash,count,0.5,4q-line
0,1,tket,GENERATED,,18,19,5,23,7,0 days 00:00:00.002722000,7,9,10,5,14,7,,,,gray,nash,count,0.5,4q-line
0,2,tket,GENERATED,,18,20,3,19,7,0 days 00:00:00.002302000,7,7,8,3,10,7,,,,gray,nash,count,0.5,4q-line
0,3,tket,GENERATED,,19,19,6,24,7,0 days 00:00:00.002177000,7,10,10,6,16,7,,,,gray,nash,count,0.5,4q-line
0,4,tket,GENERATED,,19,20,6,22,7,0 days 00:00:00.001718000,7,8,8,5,13,7,,,,gray,nash,count,0.5,4q-line
0,5,tket,GENERATED,,36,40,7,42,7,0 days 00:00:00.004152000,7,11,13,5,16,7,,,,gray,nash,count,0.5,4q-line
0,6,tket,GENERATED,,20,23,5,24,7,0 days 00:00:00.002960000,7,7,8,4,11,7,,,,gray,nash,count,0.5,4q-line
0,7,tket,GENERATED,,20,22,5,23,7,0 days 00:00:00.002589000,7,9,10,5,14,7,,,,gray,nash,count,0.5,4q-line
0,8,tket,GENERATED,,31,31,6,36,7,0 days 00:00:00.002910000,7,13,13,5,18,7,,,,gray,nash,count,0.5,4q-line
0,9,tket,GENERATED,,31,32,6,37,7,0 days 00:00:00.002352000,7,13,14,5,18,7,,,,gray,nash,count,0.5,4q-line
0,10,tket,GENERATED,,22,23,5,26,7,0 days 00:00:00.002993000,7,7,8,4,11,7,,,,gray,nash,count,0.5,4q-line
0,11,tket,GENERATED,,16,17,5,19,7,0 days 00:00:00.002650000,7,7,8,5,11,7,,,,gray,nash,count,0.5,4q-line
0,12,tket,GENERATED,,23,27,4,27,7,0 days 00:00:00.003053000,7,6,9,2,8,7,,,,gray,nash,count,0.5,4q-line
0,13,tket,GENERATED,,22,27,5,24,7,0 days 00:00:00.005812000,7,7,9,4,11,7,,,,gray,nash,count,0.5,4q-line
0,14,tket,GENERATED,,24,31,5,28,7,0 days 00:00:00.004407000,7,8,10,4,12,7,,,,gray,nash,count,0.5,4q-line
0,15,tket,GENERATED,,22,27,6,28,7,0 days 00:00:00.001898000,7,11,12,5,16,7,,,,gray,nash,count,0.5,4q-line
0,16,tket,GENERATED,,21,22,7,27,7,0 days 00:00:00.002369000,7,9,10,6,15,7,,,,gray,nash,count,0.5,4q-line
0,17,tket,GENERATED,,20,20,6,24,7,0 days 00:00:00.002231000,7,7,8,5,11,7,,,,gray,nash,count,0.5,4q-line
0,18,tket,GENERATED,,18,19,6,24,7,0 days 00:00:00.001860000,7,9,10,6,15,7,,,,gray,nash,count,0.5,4q-line
0,19,tket,GENERATED,,18,19,5,23,7,0 days 00:00:00.003080000,7,9,10,5,13,7,,,,gray,nash,count,0.5,4q-line
0,0,steiner,GENERATED,7,17,19,4,19,7,0 days 00:00:00.002578000,7,8,8,4,12,7,,,,gray,nash,count,0.5,4q-line
0,1,steiner,GENERATED,7,22,23,5,24,7,0 days 00:00:00.003540000,7,9,10,5,14,7,,,,gray,nash,count,0.5,4q-line
0,2,steiner,GENERATED,7,16,18,4,19,7,0 days 00:00:00.002655000,7,7,8,3,10,7,,,,gray,nash,count,0.5,4q-line
0,3,steiner,GENERATED,7,29,35,6,30,7,0 days 00:00:00.003021000,7,10,10,6,16,7,,,,gray,nash,count,0.5,4q-line
0,4,steiner,GENERATED,7,20,23,5,22,7,0 days 00:00:00.003913000,7,8,8,5,13,7,,,,gray,nash,count,0.5,4q-line
0,5,steiner,GENERATED,7,19,22,6,21,7,0 days 00:00:00.003810000,7,11,13,5,16,7,,,,gray,nash,count,0.5,4q-line
0,6,steiner,GENERATED,7,8,10,4,12,7,0 days 00:00:00.001412000,7,7,8,4,11,7,,,,gray,nash,count,0.5,4q-line
0,7,steiner,GENERATED,7,14,16,6,19,7,0 days 00:00:00.003679000,7,9,10,5,14,7,,,,gray,nash,count,0.5,4q-line
0,8,steiner,GENERATED,7,18,20,6,23,7,0 days 00:00:00.007578000,7,13,13,5,18,7,,,,gray,nash,count,0.5,4q-line
0,9,steiner,GENERATED,7,23,26,5,24,7,0 days 00:00:00.002808000,7,13,14,5,18,7,,,,gray,nash,count,0.5,4q-line
0,10,steiner,GENERATED,7,15,16,4,17,7,0 days 00:00:00.002691000,7,7,8,4,11,7,,,,gray,nash,count,0.5,4q-line
0,11,steiner,GENERATED,7,23,25,5,24,7,0 days 00:00:00.003503000,7,7,8,5,11,7,,,,gray,nash,count,0.5,4q-line
0,12,steiner,GENERATED,7,16,16,3,19,7,0 days 00:00:00.002023000,7,6,9,2,8,7,,,,gray,nash,count,0.5,4q-line
0,13,steiner,GENERATED,7,10,14,4,14,7,0 days 00:00:00.001575000,7,7,9,4,11,7,,,,gray,nash,count,0.5,4q-line
0,14,steiner,GENERATED,7,14,17,5,18,7,0 days 00:00:00.003145000,7,8,10,4,12,7,,,,gray,nash,count,0.5,4q-line
0,15,steiner,GENERATED,7,14,18,4,18,7,0 days 00:00:00.002526000,7,11,12,5,16,7,,,,gray,nash,count,0.5,4q-line
0,16,steiner,GENERATED,7,9,13,6,15,7,0 days 00:00:00.003271000,7,9,10,6,15,7,,,,gray,nash,count,0.5,4q-line
0,17,steiner,GENERATED,7,9,10,5,14,7,0 days 00:00:00.004192000,7,7,8,5,11,7,,,,gray,nash,count,0.5,4q-line
0,18,steiner,GENERATED,7,21,24,7,26,7,0 days 00:00:00.002262000,7,9,10,6,15,7,,,,gray,nash,count,0.5,4q-line
0,19,steiner,GENERATED,7,23,26,5,23,7,0 days 00:00:00.002073000,7,9,10,5,13,7,,,,gray,nash,count,0.5,4q-line
0,0,steiner,GENERATED,100,368,591,87,402,100,0 days 00:00:00.099470000,100,208,220,92,298,100,,,,arianne,,count,0.2222222222222222,9q-line
0,1,steiner,GENERATED,100,299,571,58,305,100,0 days 00:00:00.085517000,100,226,239,95,320,100,,,,arianne,,count,0.2222222222222222,9q-line
0,2,steiner,GENERATED,100,322,577,71,340,100,0 days 00:00:00.114786000,100,221,237,94,315,100,,,,arianne,,count,0.2222222222222222,9q-line
0,3,steiner,GENERATED,100,292,559,66,303,100,0 days 00:00:00.141409000,100,226,240,92,317,100,,,,arianne,,count,0.2222222222222222,9q-line
0,4,steiner,GENERATED,100,368,588,89,411,100,0 days 00:00:00.075757000,100,250,264,93,343,100,,,,arianne,,count,0.2222222222222222,9q-line
0,5,steiner,GENERATED,100,322,594,80,340,100,0 days 00:00:00.097599000,100,227,238,91,318,100,,,,arianne,,count,0.2222222222222222,9q-line
0,6,steiner,GENERATED,100,321,573,72,340,100,0 days 00:00:00.109978000,100,226,235,96,322,100,,,,arianne,,count,0.2222222222222222,9q-line
0,7,steiner,GENERATED,100,393,597,98,444,100,0 days 00:00:00.226659000,100,213,222,94,307,100,,,,arianne,,count,0.2222222222222222,9q-line
0,8,steiner,GENERATED,100,323,573,80,353,100,0 days 00:00:00.108708000,100,215,233,92,306,100,,,,arianne,,count,0.2222222222222222,9q-line
0,9,steiner,GENERATED,100,305,607,65,317,100,0 days 00:00:00.108315000,100,214,222,94,308,100,,,,arianne,,count,0.2222222222222222,9q-line
0,10,steiner,GENERATED,100,353,570,80,388,100,0 days 00:00:00.093834000,100,211,223,95,304,100,,,,arianne,,count,0.2222222222222222,9q-line
0,11,steiner,GENERATED,100,329,619,71,345,100,0 days 00:00:00.238596000,100,222,237,93,315,100,,,,arianne,,count,0.2222222222222222,9q-line
0,12,steiner,GENERATED,100,298,599,63,307,100,0 days 00:00:00.153082000,100,215,227,96,311,100,,,,arianne,,count,0.2222222222222222,9q-line
0,13,steiner,GENERATED,100,282,563,64,304,100,0 days 00:00:00.134149000,100,214,230,92,305,100,,,,arianne,,count,0.2222222222222222,9q-line
0,14,steiner,GENERATED,100,364,613,91,394,100,0 days 00:00:00.146526000,100,204,220,92,296,100,,,,arianne,,count,0.2222222222222222,9q-line
0,15,steiner,GENERATED,100,289,578,58,303,100,0 days 00:00:00.133998000,100,222,241,93,314,100,,,,arianne,,count,0.2222222222222222,9q-line
0,16,steiner,GENERATED,100,384,634,76,405,100,0 days 00:00:00.805827000,100,214,227,91,304,100,,,,arianne,,count,0.2222222222222222,9q-line
0,17,steiner,GENERATED,100,298,580,57,308,100,0 days 00:00:00.113076000,100,228,239,95,321,100,,,,arianne,,count,0.2222222222222222,9q-line
0,18,steiner,GENERATED,100,417,605,96,468,100,0 days 00:00:00.135883000,100,207,227,92,299,100,,,,arianne,,count,0.2222222222222222,9q-line
0,19,steiner,GENERATED,100,362,604,78,387,100,0 days 00:00:00.251572000,100,224,237,95,318,100,,,,arianne,,count,0.2222222222222222,9q-line
0,0,tket,GENERATED,,598,935,95,654,100,0 days 00:00:00.091337000,100,208,220,92,298,100,,,,gray,nash,count,0.2222222222222222,9q-line
0,1,tket,GENERATED,,607,1017,98,664,100,0 days 00:00:00.106093000,100,226,239,95,320,100,,,,gray,nash,count,0.2222222222222222,9q-line
0,2,tket,GENERATED,,585,961,96,644,100,0 days 00:00:00.099339000,100,221,237,94,315,100,,,,gray,nash,count,0.2222222222222222,9q-line
0,3,tket,GENERATED,,625,966,96,672,100,0 days 00:00:00.098408000,100,226,240,92,317,100,,,,gray,nash,count,0.2222222222222222,9q-line
0,4,tket,GENERATED,,655,1040,96,713,100,0 days 00:00:00.117963000,100,250,264,93,343,100,,,,gray,nash,count,0.2222222222222222,9q-line
0,5,tket,GENERATED,,589,905,95,655,100,0 days 00:00:00.093254000,100,227,238,91,318,100,,,,gray,nash,count,0.2222222222222222,9q-line
0,6,tket,GENERATED,,599,959,99,658,100,0 days 00:00:00.096835000,100,226,235,96,322,100,,,,gray,nash,count,0.2222222222222222,9q-line
0,7,tket,GENERATED,,603,876,98,673,100,0 days 00:00:00.084048000,100,213,222,94,307,100,,,,gray,nash,count,0.2222222222222222,9q-line
0,8,tket,GENERATED,,630,953,96,696,100,0 days 00:00:00.101415000,100,215,233,92,306,100,,,,gray,nash,count,0.2222222222222222,9q-line
0,9,tket,GENERATED,,606,936,97,663,100,0 days 00:00:00.102864000,100,214,222,94,308,100,,,,gray,nash,count,0.2222222222222222,9q-line
0,10,tket,GENERATED,,602,961,96,661,100,0 days 00:00:00.105796000,100,211,223,95,304,100,,,,gray,nash,count,0.2222222222222222,9q-line
0,11,tket,GENERATED,,622,1000,96,677,100,0 days 00:00:00.111068000,100,222,237,93,315,100,,,,gray,nash,count,0.2222222222222222,9q-line
0,12,tket,GENERATED,,614,986,100,678,100,0 days 00:00:00.099729000,100,215,227,96,311,100,,,,gray,nash,count,0.2222222222222222,9q-line
0,13,tket,GENERATED,,611,969,97,667,100,0 days 00:00:00.114472000,100,214,230,92,305,100,,,,gray,nash,count,0.2222222222222222,9q-line
0,14,tket,GENERATED,,591,945,96,653,100,0 days 00:00:00.118171000,100,204,220,92,296,100,,,,gray,nash,count,0.2222222222222222,9q-line
0,15,tket,GENERATED,,668,1007,97,727,100,0 days 00:00:00.116155000,100,222,241,93,314,100,,,,gray,nash,count,0.2222222222222222,9q-line
0,16,tket,GENERATED,,642,969,96,696,100,0 days 00:00:00.090631000,100,214,227,91,304,100,,,,gray,nash,count,0.2222222222222222,9q-line
0,17,tket,GENERATED,,653,1017,95,708,100,0 days 00:00:00.102362000,100,228,239,95,321,100,,,,gray,nash,count,0.2222222222222222,9q-line
0,18,tket,GENERATED,,614,902,96,671,100,0 days 00:00:00.096887000,100,207,227,92,299,100,,,,gray,nash,count,0.2222222222222222,9q-line
0,19,tket,GENERATED,,638,1006,99,693,100,0 days 00:00:00.127679000,100,224,237,95,318,100,,,,gray,nash,count,0.2222222222222222,9q-line
0,0,steiner,GENERATED,100,499,1108,93,514,100,0 days 00:00:00.374335000,100,208,220,92,298,100,,,,gray,nash,count,0.2222222222222222,9q-line
0,1,steiner,GENERATED,100,467,863,96,489,100,0 days 00:00:00.401012000,100,226,239,95,320,100,,,,gray,nash,count,0.2222222222222222,9q-line
0,2,steiner,GENERATED,100,443,810,96,469,100,0 days 00:00:00.542221000,100,221,237,94,315,100,,,,gray,nash,count,0.2222222222222222,9q-line
0,3,steiner,GENERATED,100,487,902,93,499,100,0 days 00:00:00.421287000,100,226,240,92,317,100,,,,gray,nash,count,0.2222222222222222,9q-line
0,4,steiner,GENERATED,100,435,766,98,471,100,0 days 00:00:00.458201000,100,250,264,93,343,100,,,,gray,nash,count,0.2222222222222222,9q-line
0,5,steiner,GENERATED,100,455,838,91,469,100,0 days 00:00:00.436009000,100,227,238,91,318,100,,,,gray,nash,count,0.2222222222222222,9q-line
0,6,steiner,GENERATED,100,410,723,94,449,100,0 days 00:00:00.474495000,100,226,235,96,322,100,,,,gray,nash,count,0.2222222222222222,9q-line
0,7,steiner,GENERATED,100,440,813,95,455,100,0 days 00:00:00.440610000,100,213,222,94,307,100,,,,gray,nash,count,0.2222222222222222,9q-line
0,8,steiner,GENERATED,100,521,1143,92,531,100,0 days 00:00:00.412420000,100,215,233,92,306,100,,,,gray,nash,count,0.2222222222222222,9q-line
0,9,steiner,GENERATED,100,435,797,96,455,100,0 days 00:00:00.378239000,100,214,222,94,308,100,,,,gray,nash,count,0.2222222222222222,9q-line
0,10,steiner,GENERATED,100,565,1199,91,572,100,0 days 00:00:00.474984000,100,211,223,95,304,100,,,,gray,nash,count,0.2222222222222222,9q-line
0,11,steiner,GENERATED,100,436,791,97,469,100,0 days 00:00:00.398699000,100,222,237,93,315,100,,,,gray,nash,count,0.2222222222222222,9q-line
0,12,steiner,GENERATED,100,489,880,99,513,100,0 days 00:00:00.451028000,100,215,227,96,311,100,,,,gray,nash,count,0.2222222222222222,9q-line
0,13,steiner,GENERATED,100,534,1065,94,546,100,0 days 00:00:00.446339000,100,214,230,92,305,100,,,,gray,nash,count,0.2222222222222222,9q-line
0,14,steiner,GENERATED,100,494,991,88,507,100,0 days 00:00:00.377338000,100,204,220,92,296,100,,,,gray,nash,count,0.2222222222222222,9q-line
0,15,steiner,GENERATED,100,496,875,97,514,100,0 days 00:00:00.416921000,100,222,241,93,314,100,,,,gray,nash,count,0.2222222222222222,9q-line
0,16,steiner,GENERATED,100,453,828,92,474,100,0 days 00:00:00.379654000,100,214,227,91,304,100,,,,gray,nash,count,0.2222222222222222,9q-line
0,17,steiner,GENERATED,100,525,1091,94,542,100,0 days 00:00:00.425183000,100,228,239,95,321,100,,,,gray,nash,count,0.2222222222222222,9q-line
0,18,steiner,GENERATED,100,436,773,99,461,100,0 days 00:00:00.478760000,100,207,227,92,299,100,,,,gray,nash,count,0.2222222222222222,9q-line
0,19,steiner,GENERATED,100,420,798,97,453,100,0 days 00:00:00.403485000,100,224,237,95,318,100,,,,gray,nash,count,0.2222222222222222,9q-line
0,0,steiner,GENERATED,100,598,1818,91,622,100,0 days 00:00:00.490783000,100,591,626,95,686,100,,,,arianne,,count,0.125,16q-line
0,1,steiner,GENERATED,100,572,1790,90,587,100,0 days 00:00:00.460183000,100,629,684,94,723,100,,,,arianne,,count,0.125,16q-line
0,2,steiner,GENERATED,100,518,1791,74,530,100,0 days 00:00:00.436479000,100,614,636,96,710,100,,,,arianne,,count,0.125,16q-line
0,3,steiner,GENERATED,100,603,1799,99,626,100,0 days 00:00:00.453398000,100,575,613,93,668,100,,,,arianne,,count,0.125,16q-line
0,4,steiner,GENERATED,100,519,1847,89,534,100,0 days 00:00:00.461739000,100,591,623,94,685,100,,,,arianne,,count,0.125,16q-line
0,5,steiner,GENERATED,100,500,1751,69,507,100,0 days 00:00:00.488358000,100,602,652,93,694,100,,,,arianne,,count,0.125,16q-line
0,6,steiner,GENERATED,100,501,1814,61,503,100,0 days 00:00:00.570566000,100,593,635,95,688,100,,,,arianne,,count,0.125,16q-line
0,7,steiner,GENERATED,100,572,1883,97,592,100,0 days 00:00:00.483778000,100,606,635,95,701,100,,,,arianne,,count,0.125,16q-line
0,8,steiner,GENERATED,100,457,1783,66,458,100,0 days 00:00:00.528211000,100,578,624,94,672,100,,,,arianne,,count,0.125,16q-line
0,9,steiner,GENERATED,100,473,1758,62,476,100,0 days 00:00:00.393465000,100,534,587,91,624,100,,,,arianne,,count,0.125,16q-line
0,10,steiner,GENERATED,100,516,1828,74,527,100,0 days 00:00:00.734163000,100,555,599,92,647,100,,,,arianne,,count,0.125,16q-line
0,11,steiner,GENERATED,100,546,1856,81,559,100,0 days 00:00:00.457287000,100,579,632,94,673,100,,,,arianne,,count,0.125,16q-line
0,12,steiner,GENERATED,100,587,1801,100,611,100,0 days 00:00:00.514540000,100,628,662,96,724,100,,,,arianne,,count,0.125,16q-line
0,13,steiner,GENERATED,100,470,1825,73,472,100,0 days 00:00:00.464285000,100,581,632,94,675,100,,,,arianne,,count,0.125,16q-line
0,14,steiner,GENERATED,100,555,1789,87,573,100,0 days 00:00:00.397916000,100,570,626,91,660,100,,,,arianne,,count,0.125,16q-line
0,15,steiner,GENERATED,100,535,1872,76,543,100,0 days 00:00:00.412073000,100,599,641,94,693,100,,,,arianne,,count,0.125,16q-line
0,16,steiner,GENERATED,100,584,1769,92,604,100,0 days 00:00:00.540898000,100,621,656,93,714,100,,,,arianne,,count,0.125,16q-line
0,17,steiner,GENERATED,100,470,1858,80,477,100,0 days 00:00:00.524320000,100,588,637,94,682,100,,,,arianne,,count,0.125,16q-line
0,18,steiner,GENERATED,100,477,1771,68,480,100,0 days 00:00:00.555445000,100,614,655,95,709,100,,,,arianne,,count,0.125,16q-line
0,19,steiner,GENERATED,100,512,1838,76,524,100,0 days 00:00:00.405094000,100,569,606,95,664,100,,,,arianne,,count,0.125,16q-line
0,0,tket,GENERATED,,3139,5516,97,3200,100,0 days 00:00:00.723026000,100,591,626,95,686,100,,,,gray,nash,count,0.125,16q-line
0,1,tket,GENERATED,,3250,5745,100,3309,100,0 days 00:00:00.640329000,100,629,684,94,723,100,,,,gray,nash,count,0.125,16q-line
0,2,tket,GENERATED,,2896,5503,100,2947,100,0 days 00:00:00.556532000,100,614,636,96,710,100,,,,gray,nash,count,0.125,16q-line
0,3,tket,GENERATED,,2830,5003,96,2890,100,0 days 00:00:00.505982000,100,575,613,93,668,100,,,,gray,nash,count,0.125,16q-line
0,4,tket,GENERATED,,2951,5372,99,3008,100,0 days 00:00:00.710628000,100,591,623,94,685,100,,,,gray,nash,count,0.125,16q-line
0,5,tket,GENERATED,,2940,5423,99,3007,100,0 days 00:00:00.540277000,100,602,652,93,694,100,,,,gray,nash,count,0.125,16q-line
0,6,tket,GENERATED,,3140,5682,98,3206,100,0 days 00:00:00.532529000,100,593,635,95,688,100,,,,gray,nash,count,0.125,16q-line
0,7,tket,GENERATED,,3094,5399,100,3154,100,0 days 00:00:00.592027000,100,606,635,95,701,100,,,,gray,nash,count,0.125,16q-line
0,8,tket,GENERATED,,2915,5272,96,2980,100,0 days 00:00:00.560204000,100,578,624,94,672,100,,,,gray,nash,count,0.125,16q-line
0,9,tket,GENERATED,,2684,4941,96,2745,100,0 days 00:00:00.475803000,100,534,587,91,624,100,,,,gray,nash,count,0.125,16q-line
0,10,tket,GENERATED,,2595,4795,99,2656,100,0 days 00:00:00.525187000,100,555,599,92,647,100,,,,gray,nash,count,0.125,16q-line
0,11,tket,GENERATED,,3226,5466,99,3297,100,0 days 00:00:00.518902000,100,579,632,94,673,100,,,,gray,nash,count,0.125,16q-line
0,12,tket,GENERATED,,3141,5654,100,3203,100,0 days 00:00:00.629654000,100,628,662,96,724,100,,,,gray,nash,count,0.125,16q-line
0,13,tket,GENERATED,,2958,5245,99,3028,100,0 days 00:00:00.573575000,100,581,632,94,675,100,,,,gray,nash,count,0.125,16q-line
0,14,tket,GENERATED,,2982,5367,95,3046,100,0 days 00:00:00.652966000,100,570,626,91,660,100,,,,gray,nash,count,0.125,16q-line
0,15,tket,GENERATED,,2917,5225,97,2975,100,0 days 00:00:00.622242000,100,599,641,94,693,100,,,,gray,nash,count,0.125,16q-line
0,16,tket,GENERATED,,3292,5629,95,3354,100,0 days 00:00:00.540088000,100,621,656,93,714,100,,,,gray,nash,count,0.125,16q-line
0,17,tket,GENERATED,,2817,5242,98,2870,100,0 days 00:00:00.528427000,100,588,637,94,682,100,,,,gray,nash,count,0.125,16q-line
0,18,tket,GENERATED,,3146,5533,99,3212,100,0 days 00:00:00.558131000,100,614,655,95,709,100,,,,gray,nash,count,0.125,16q-line
0,19,tket,GENERATED,,2537,4941,100,2599,100,0 days 00:00:00.485166000,100,569,606,95,664,100,,,,gray,nash,count,0.125,16q-line
0,0,steiner,GENERATED,100,766,3284,96,775,100,0 days 00:00:02.391387000,100,591,626,95,686,100,,,,gray,nash,count,0.125,16q-line
0,1,steiner,GENERATED,100,751,2700,99,768,100,0 days 00:00:02.721332000,100,629,684,94,723,100,,,,gray,nash,count,0.125,16q-line
0,2,steiner,GENERATED,100,792,3092,100,799,100,0 days 00:00:02.767211000,100,614,636,96,710,100,,,,gray,nash,count,0.125,16q-line
0,3,steiner,GENERATED,100,766,2864,98,776,100,0 days 00:00:02.803081000,100,575,613,93,668,100,,,,gray,nash,count,0.125,16q-line
0,4,steiner,GENERATED,100,742,2732,99,754,100,0 days 00:00:02.625041000,100,591,623,94,685,100,,,,gray,nash,count,0.125,16q-line
0,5,steiner,GENERATED,100,734,2638,99,746,100,0 days 00:00:02.326857000,100,602,652,93,694,100,,,,gray,nash,count,0.125,16q-line
0,6,steiner,GENERATED,100,760,2655,99,775,100,0 days 00:00:02.817395000,100,593,635,95,688,100,,,,gray,nash,count,0.125,16q-line
0,7,steiner,GENERATED,100,786,3265,94,788,100,0 days 00:00:02.451302000,100,606,635,95,701,100,,,,gray,nash,count,0.125,16q-line
0,8,steiner,GENERATED,100,720,2409,100,743,100,0 days 00:00:03.068432000,100,578,624,94,672,100,,,,gray,nash,count,0.125,16q-line
0,9,steiner,GENERATED,100,756,2681,99,772,100,0 days 00:00:02.548634000,100,534,587,91,624,100,,,,gray,nash,count,0.125,16q-line
0,10,steiner,GENERATED,100,767,3007,97,777,100,0 days 00:00:02.610286000,100,555,599,92,647,100,,,,gray,nash,count,0.125,16q-line
0,11,steiner,GENERATED,100,700,2397,99,717,100,0 days 00:00:02.469424000,100,579,632,94,673,100,,,,gray,nash,count,0.125,16q-line
0,12,steiner,GENERATED,100,786,3688,95,791,100,0 days 00:00:02.478256000,100,628,662,96,724,100,,,,gray,nash,count,0.125,16q-line
0,13,steiner,GENERATED,100,741,2610,98,753,100,0 days 00:00:02.322604000,100,581,632,94,675,100,,,,gray,nash,count,0.125,16q-line
0,14,steiner,GENERATED,100,754,2651,99,764,100,0 days 00:00:02.540960000,100,570,626,91,660,100,,,,gray,nash,count,0.125,16q-line
0,15,steiner,GENERATED,100,749,2695,99,764,100,0 days 00:00:02.806346000,100,599,641,94,693,100,,,,gray,nash,count,0.125,16q-line
0,16,steiner,GENERATED,100,757,3040,95,764,100,0 days 00:00:02.534865000,100,621,656,93,714,100,,,,gray,nash,count,0.125,16q-line
0,17,steiner,GENERATED,100,770,3155,95,776,100,0 days 00:00:02.760490000,100,588,637,94,682,100,,,,gray,nash,count,0.125,16q-line
0,18,steiner,GENERATED,100,771,2694,98,785,100,0 days 00:00:02.560079000,100,614,655,95,709,100,,,,gray,nash,count,0.125,16q-line
0,19,steiner,GENERATED,100,750,2695,96,762,100,0 days 00:00:02.549717000,100,569,606,95,664,100,,,,gray,nash,count,0.125,16q-line
0,0,steiner,GENERATED,100,638,3720,77,651,100,0 days 00:00:01.970377000,100,1062,1141,95,1157,100,,,,arianne,,count,0.08,25q-line
0,1,steiner,GENERATED,100,647,3638,81,658,100,0 days 00:00:01.888847000,100,1079,1167,93,1172,100,,,,arianne,,count,0.08,25q-line
0,2,steiner,GENERATED,100,550,3650,65,550,100,0 days 00:00:02.126363000,100,1026,1100,94,1120,100,,,,arianne,,count,0.08,25q-line
0,3,steiner,GENERATED,100,643,3702,91,662,100,0 days 00:00:02.211974000,100,1059,1156,94,1153,100,,,,arianne,,count,0.08,25q-line
0,4,steiner,GENERATED,100,606,3656,68,608,100,0 days 00:00:01.448580000,100,1053,1123,95,1148,100,,,,arianne,,count,0.08,25q-line
0,5,steiner,GENERATED,100,643,3641,73,650,100,0 days 00:00:01.482788000,100,1059,1126,96,1155,100,,,,arianne,,count,0.08,25q-line
0,6,steiner,GENERATED,100,567,3721,75,569,100,0 days 00:00:01.850164000,100,1047,1117,96,1143,100,,,,arianne,,count,0.08,25q-line
0,7,steiner,GENERATED,100,593,3729,80,597,100,0 days 00:00:01.818444000,100,1036,1110,95,1131,100,,,,arianne,,count,0.08,25q-line
0,8,steiner,GENERATED,100,587,3599,71,592,100,0 days 00:00:01.731861000,100,1064,1116,96,1160,100,,,,arianne,,count,0.08,25q-line
0,9,steiner,GENERATED,100,646,3693,88,662,100,0 days 00:00:03.044159000,100,1043,1097,96,1139,100,,,,arianne,,count,0.08,25q-line
0,10,steiner,GENERATED,100,572,3643,62,572,100,0 days 00:00:01.740946000,100,1023,1093,94,1117,100,,,,arianne,,count,0.08,25q-line
0,11,steiner,GENERATED,100,596,3643,71,598,100,0 days 00:00:01.718282000,100,1056,1125,95,1151,100,,,,arianne,,count,0.08,25q-line
0,12,steiner,GENERATED,100,598,3707,70,600,100,0 days 00:00:01.872505000,100,1060,1150,95,1155,100,,,,arianne,,count,0.08,25q-line
0,13,steiner,GENERATED,100,615,3708,79,626,100,0 days 00:00:02.048482000,100,1077,1155,94,1170,100,,,,arianne,,count,0.08,25q-line
0,14,steiner,GENERATED,100,646,3638,88,664,100,0 days 00:00:01.855473000,100,1052,1144,95,1147,100,,,,arianne,,count,0.08,25q-line
0,15,steiner,GENERATED,100,675,3652,100,699,100,0 days 00:00:01.918967000,100,1054,1132,94,1148,100,,,,arianne,,count,0.08,25q-line
0,16,steiner,GENERATED,100,639,3698,78,649,100,0 days 00:00:02.250891000,100,1070,1140,94,1164,100,,,,arianne,,count,0.08,25q-line
0,17,steiner,GENERATED,100,604,3715,67,605,100,0 days 00:00:02.510256000,100,1061,1123,95,1156,100,,,,arianne,,count,0.08,25q-line
0,18,steiner,GENERATED,100,707,3680,94,729,100,0 days 00:00:02.054524000,100,1028,1126,93,1121,100,,,,arianne,,count,0.08,25q-line
0,19,steiner,GENERATED,100,581,3667,62,581,100,0 days 00:00:02.449646000,100,1084,1144,96,1180,100,,,,arianne,,count,0.08,25q-line
0,0,tket,GENERATED,,9338,14856,100,9409,100,0 days 00:00:02.702839000,100,1062,1141,95,1157,100,,,,gray,nash,count,0.08,25q-line
0,1,tket,GENERATED,,8519,14855,99,8582,100,0 days 00:00:02.728075000,100,1079,1167,93,1172,100,,,,gray,nash,count,0.08,25q-line
0,2,tket,GENERATED,,8345,14309,99,8405,100,0 days 00:00:01.770912000,100,1026,1100,94,1120,100,,,,gray,nash,count,0.08,25q-line
0,3,tket,GENERATED,,9515,15695,98,9581,100,0 days 00:00:02.465055000,100,1059,1156,94,1153,100,,,,gray,nash,count,0.08,25q-line
0,4,tket,GENERATED,,9319,14458,99,9392,100,0 days 00:00:02.311282000,100,1053,1123,95,1148,100,,,,gray,nash,count,0.08,25q-line
0,5,tket,GENERATED,,9069,14744,100,9133,100,0 days 00:00:02.640976000,100,1059,1126,96,1155,100,,,,gray,nash,count,0.08,25q-line
0,6,tket,GENERATED,,9649,15508,100,9724,100,0 days 00:00:02.520555000,100,1047,1117,96,1143,100,,,,gray,nash,count,0.08,25q-line
0,7,tket,GENERATED,,8678,14550,98,8735,100,0 days 00:00:02.104404000,100,1036,1110,95,1131,100,,,,gray,nash,count,0.08,25q-line
0,8,tket,GENERATED,,8820,14592,100,8891,100,0 days 00:00:02.536728000,100,1064,1116,96,1160,100,,,,gray,nash,count,0.08,25q-line
0,9,tket,GENERATED,,8672,14130,98,8744,100,0 days 00:00:02.335245000,100,1043,1097,96,1139,100,,,,gray,nash,count,0.08,25q-line
0,10,tket,GENERATED,,8230,14476,99,8300,100,0 days 00:00:02.606604000,100,1023,1093,94,1117,100,,,,gray,nash,count,0.08,25q-line
0,11,tket,GENERATED,,9212,15460,98,9287,100,0 days 00:00:02.891484000,100,1056,1125,95,1151,100,,,,gray,nash,count,0.08,25q-line
0,12,tket,GENERATED,,9456,15029,98,9523,100,0 days 00:00:02.116008000,100,1060,1150,95,1155,100,,,,gray,nash,count,0.08,25q-line
0,13,tket,GENERATED,,8840,14038,99,8917,100,0 days 00:00:02.489364000,100,1077,1155,94,1170,100,,,,gray,nash,count,0.08,25q-line
0,14,tket,GENERATED,,8774,14426,98,8832,100,0 days 00:00:02.511316000,100,1052,1144,95,1147,100,,,,gray,nash,count,0.08,25q-line
0,15,tket,GENERATED,,8830,15201,98,8894,100,0 days 00:00:02.548273000,100,1054,1132,94,1148,100,,,,gray,nash,count,0.08,25q-line
0,16,tket,GENERATED,,9744,15013,99,9811,100,0 days 00:00:02.708478000,100,1070,1140,94,1164,100,,,,gray,nash,count,0.08,25q-line
0,17,tket,GENERATED,,8713,14108,99,8770,100,0 days 00:00:02.114314000,100,1061,1123,95,1156,100,,,,gray,nash,count,0.08,25q-line
0,18,tket,GENERATED,,8265,13899,100,8329,100,0 days 00:00:01.789747000,100,1028,1126,93,1121,100,,,,gray,nash,count,0.08,25q-line
0,19,tket,GENERATED,,9297,15035,99,9368,100,0 days 00:00:01.866217000,100,1084,1144,96,1180,100,,,,gray,nash,count,0.08,25q-line
0,0,steiner,GENERATED,100,885,5314,98,891,100,0 days 00:00:13.851259000,100,1062,1141,95,1157,100,,,,gray,nash,count,0.08,25q-line
0,1,steiner,GENERATED,100,971,5713,99,979,100,0 days 00:00:14.112120000,100,1079,1167,93,1172,100,,,,gray,nash,count,0.08,25q-line
0,2,steiner,GENERATED,100,891,5656,97,898,100,0 days 00:00:14.186754000,100,1026,1100,94,1120,100,,,,gray,nash,count,0.08,25q-line
0,3,steiner,GENERATED,100,931,5629,97,940,100,0 days 00:00:14.078182000,100,1059,1156,94,1153,100,,,,gray,nash,count,0.08,25q-line
0,4,steiner,GENERATED,100,880,5572,98,890,100,0 days 00:00:12.790455000,100,1053,1123,95,1148,100,,,,gray,nash,count,0.08,25q-line
0,5,steiner,GENERATED,100,925,5656,99,935,100,0 days 00:00:13.990219000,100,1059,1126,96,1155,100,,,,gray,nash,count,0.08,25q-line
0,6,steiner,GENERATED,100,912,5977,99,914,100,0 days 00:00:15.715481000,100,1047,1117,96,1143,100,,,,gray,nash,count,0.08,25q-line
0,7,steiner,GENERATED,100,885,5892,97,890,100,0 days 00:00:12.773718000,100,1036,1110,95,1131,100,,,,gray,nash,count,0.08,25q-line
0,8,steiner,GENERATED,100,913,5890,99,917,100,0 days 00:00:15.348670000,100,1064,1116,96,1160,100,,,,gray,nash,count,0.08,25q-line
0,9,steiner,GENERATED,100,898,5534,99,907,100,0 days 00:00:12.809321000,100,1043,1097,96,1139,100,,,,gray,nash,count,0.08,25q-line
0,10,steiner,GENERATED,100,901,5256,99,911,100,0 days 00:00:13.042282000,100,1023,1093,94,1117,100,,,,gray,nash,count,0.08,25q-line
0,11,steiner,GENERATED,100,924,5414,97,928,100,0 days 00:00:13.664812000,100,1056,1125,95,1151,100,,,,gray,nash,count,0.08,25q-line
0,12,steiner,GENERATED,100,866,5501,100,876,100,0 days 00:00:12.770970000,100,1060,1150,95,1155,100,,,,gray,nash,count,0.08,25q-line
0,13,steiner,GENERATED,100,862,5493,98,871,100,0 days 00:00:13.952891000,100,1077,1155,94,1170,100,,,,gray,nash,count,0.08,25q-line
0,14,steiner,GENERATED,100,891,5116,100,903,100,0 days 00:00:13.209126000,100,1052,1144,95,1147,100,,,,gray,nash,count,0.08,25q-line
0,15,steiner,GENERATED,100,887,5351,100,901,100,0 days 00:00:12.961073000,100,1054,1132,94,1148,100,,,,gray,nash,count,0.08,25q-line
0,16,steiner,GENERATED,100,913,5257,100,926,100,0 days 00:00:13.664591000,100,1070,1140,94,1164,100,,,,gray,nash,count,0.08,25q-line
0,17,steiner,GENERATED,100,912,5209,99,921,100,0 days 00:00:13.495930000,100,1061,1123,95,1156,100,,,,gray,nash,count,0.08,25q-line
0,18,steiner,GENERATED,100,926,5847,97,928,100,0 days 00:00:14.530238000,100,1028,1126,93,1121,100,,,,gray,nash,count,0.08,25q-line
0,19,steiner,GENERATED,100,892,5539,98,899,100,0 days 00:00:14.549537000,100,1084,1144,96,1180,100,,,,gray,nash,count,0.08,25q-line
0,0,steiner,GENERATED,100,752,6300,85,768,100,0 days 00:00:04.783552000,100,1609,1716,95,1704,100,,,,arianne,,count,0.05555555555555555,36q-line
0,1,steiner,GENERATED,100,720,6224,81,724,100,0 days 00:00:04.510276000,100,1576,1717,93,1669,100,,,,arianne,,count,0.05555555555555555,36q-line
0,2,steiner,GENERATED,100,796,6154,93,813,100,0 days 00:00:04.580933000,100,1557,1627,97,1654,100,,,,arianne,,count,0.05555555555555555,36q-line
0,3,steiner,GENERATED,100,738,6311,68,740,100,0 days 00:00:04.557534000,100,1628,1712,96,1724,100,,,,arianne,,count,0.05555555555555555,36q-line
0,4,steiner,GENERATED,100,779,6294,93,797,100,0 days 00:00:04.668655000,100,1544,1647,96,1640,100,,,,arianne,,count,0.05555555555555555,36q-line
0,5,steiner,GENERATED,100,734,6228,66,734,100,0 days 00:00:04.986211000,100,1611,1707,96,1707,100,,,,arianne,,count,0.05555555555555555,36q-line
0,6,steiner,GENERATED,100,650,6279,69,650,100,0 days 00:00:04.562001000,100,1553,1653,95,1648,100,,,,arianne,,count,0.05555555555555555,36q-line
0,7,steiner,GENERATED,100,777,6289,87,787,100,0 days 00:00:04.686690000,100,1646,1714,96,1742,100,,,,arianne,,count,0.05555555555555555,36q-line
0,8,steiner,GENERATED,100,728,6297,60,728,100,0 days 00:00:04.462777000,100,1610,1722,95,1705,100,,,,arianne,,count,0.05555555555555555,36q-line
0,9,steiner,GENERATED,100,682,6197,61,682,100,0 days 00:00:04.438746000,100,1604,1749,92,1696,100,,,,arianne,,count,0.05555555555555555,36q-line
0,10,steiner,GENERATED,100,784,6308,77,793,100,0 days 00:00:04.650198000,100,1624,1724,96,1720,100,,,,arianne,,count,0.05555555555555555,36q-line
0,11,steiner,GENERATED,100,708,6156,80,715,100,0 days 00:00:04.758585000,100,1629,1733,95,1724,100,,,,arianne,,count,0.05555555555555555,36q-line
0,12,steiner,GENERATED,100,697,6197,58,699,100,0 days 00:00:04.562778000,100,1584,1686,95,1679,100,,,,arianne,,count,0.05555555555555555,36q-line
0,13,steiner,GENERATED,100,698,6160,63,698,100,0 days 00:00:04.421812000,100,1644,1747,95,1739,100,,,,arianne,,count,0.05555555555555555,36q-line
0,14,steiner,GENERATED,100,820,6271,99,841,100,0 days 00:00:04.455384000,100,1604,1734,94,1698,100,,,,arianne,,count,0.05555555555555555,36q-line
0,15,steiner,GENERATED,100,737,6285,78,748,100,0 days 00:00:04.554079000,100,1573,1688,95,1668,100,,,,arianne,,count,0.05555555555555555,36q-line
0,16,steiner,GENERATED,100,748,6289,67,753,100,0 days 00:00:04.613696000,100,1587,1657,97,1684,100,,,,arianne,,count,0.05555555555555555,36q-line
0,17,steiner,GENERATED,100,735,6216,75,744,100,0 days 00:00:04.751921000,100,1606,1727,95,1701,100,,,,arianne,,count,0.05555555555555555,36q-line
0,18,steiner,GENERATED,100,762,6091,99,792,100,0 days 00:00:04.357806000,100,1630,1756,94,1724,100,,,,arianne,,count,0.05555555555555555,36q-line
0,19,steiner,GENERATED,100,806,6307,92,819,100,0 days 00:00:04.676458000,100,1585,1733,93,1678,100,,,,arianne,,count,0.05555555555555555,36q-line
0,0,tket,GENERATED,,18143,26158,99,18228,100,0 days 00:00:03.807069000,100,1609,1716,95,1704,100,,,,gray,nash,count,0.05555555555555555,36q-line
0,1,tket,GENERATED,,17657,26355,99,17716,100,0 days 00:00:03.898882000,100,1576,1717,93,1669,100,,,,gray,nash,count,0.05555555555555555,36q-line
0,2,tket,GENERATED,,17247,26714,100,17318,100,0 days 00:00:04.197284000,100,1557,1627,97,1654,100,,,,gray,nash,count,0.05555555555555555,36q-line
0,3,tket,GENERATED,,18125,25881,100,18212,100,0 days 00:00:03.934661000,100,1628,1712,96,1724,100,,,,gray,nash,count,0.05555555555555555,36q-line
0,4,tket,GENERATED,,17217,26314,97,17272,100,0 days 00:00:03.916202000,100,1544,1647,96,1640,100,,,,gray,nash,count,0.05555555555555555,36q-line
0,5,tket,GENERATED,,18582,27766,99,18658,100,0 days 00:00:04.073174000,100,1611,1707,96,1707,100,,,,gray,nash,count,0.05555555555555555,36q-line
0,6,tket,GENERATED,,18164,26223,99,18247,100,0 days 00:00:04.045354000,100,1553,1653,95,1648,100,,,,gray,nash,count,0.05555555555555555,36q-line
0,7,tket,GENERATED,,18326,26918,99,18397,100,0 days 00:00:04.715796000,100,1646,1714,96,1742,100,,,,gray,nash,count,0.05555555555555555,36q-line
0,8,tket,GENERATED,,18420,28072,99,18483,100,0 days 00:00:04.294211000,100,1610,1722,95,1705,100,,,,gray,nash,count,0.05555555555555555,36q-line
0,9,tket,GENERATED,,17042,27123,98,17107,100,0 days 00:00:04.027694000,100,1604,1749,92,1696,100,,,,gray,nash,count,0.05555555555555555,36q-line
0,10,tket,GENERATED,,17822,27077,100,17893,100,0 days 00:00:04.192350000,100,1624,1724,96,1720,100,,,,gray,nash,count,0.05555555555555555,36q-line
0,11,tket,GENERATED,,18110,26720,99,18180,100,0 days 00:00:03.776965000,100,1629,1733,95,1724,100,,,,gray,nash,count,0.05555555555555555,36q-line
0,12,tket,GENERATED,,17856,27283,99,17922,100,0 days 00:00:03.916891000,100,1584,1686,95,1679,100,,,,gray,nash,count,0.05555555555555555,36q-line
0,13,tket,GENERATED,,18844,26361,100,18921,100,0 days 00:00:03.751310000,100,1644,1747,95,1739,100,,,,gray,nash,count,0.05555555555555555,36q-line
0,14,tket,GENERATED,,18977,28008,99,19045,100,0 days 00:00:04.346432000,100,1604,1734,94,1698,100,,,,gray,nash,count,0.05555555555555555,36q-line
0,15,tket,GENERATED,,17675,27322,98,17743,100,0 days 00:00:03.919588000,100,1573,1688,95,1668,100,,,,gray,nash,count,0.05555555555555555,36q-line
0,16,tket,GENERATED,,17895,25910,99,17977,100,0 days 00:00:03.850122000,100,1587,1657,97,1684,100,,,,gray,nash,count,0.05555555555555555,36q-line
0,17,tket,GENERATED,,17919,26811,98,17995,100,0 days 00:00:04.008462000,100,1606,1727,95,1701,100,,,,gray,nash,count,0.05555555555555555,36q-line
0,18,tket,GENERATED,,18572,29081,99,18634,100,0 days 00:00:04.273278000,100,1630,1756,94,1724,100,,,,gray,nash,count,0.05555555555555555,36q-line
0,19,tket,GENERATED,,18129,26350,99,18212,100,0 days 00:00:03.826226000,100,1585,1733,93,1678,100,,,,gray,nash,count,0.05555555555555555,36q-line
0,0,steiner,GENERATED,100,1055,9004,99,1068,100,0 days 00:00:30.033821000,100,1609,1716,95,1704,100,,,,gray,nash,count,0.05555555555555555,36q-line
0,1,steiner,GENERATED,100,1149,9680,99,1153,100,0 days 00:00:29.500445000,100,1576,1717,93,1669,100,,,,gray,nash,count,0.05555555555555555,36q-line
0,2,steiner,GENERATED,100,1059,9035,99,1067,100,0 days 00:00:29.878647000,100,1557,1627,97,1654,100,,,,gray,nash,count,0.05555555555555555,36q-line
0,3,steiner,GENERATED,100,1086,9196,99,1092,100,0 days 00:00:28.343155000,100,1628,1712,96,1724,100,,,,gray,nash,count,0.05555555555555555,36q-line
0,4,steiner,GENERATED,100,1069,9155,99,1072,100,0 days 00:00:29.378258000,100,1544,1647,96,1640,100,,,,gray,nash,count,0.05555555555555555,36q-line
0,5,steiner,GENERATED,100,1052,8811,99,1060,100,0 days 00:00:28.949840000,100,1611,1707,96,1707,100,,,,gray,nash,count,0.05555555555555555,36q-line
0,6,steiner,GENERATED,100,1100,9271,100,1109,100,0 days 00:00:29.408832000,100,1553,1653,95,1648,100,,,,gray,nash,count,0.05555555555555555,36q-line
0,7,steiner,GENERATED,100,1094,9112,99,1100,100,0 days 00:00:30.465468000,100,1646,1714,96,1742,100,,,,gray,nash,count,0.05555555555555555,36q-line
0,8,steiner,GENERATED,100,1099,9463,99,1100,100,0 days 00:00:29.425563000,100,1610,1722,95,1705,100,,,,gray,nash,count,0.05555555555555555,36q-line
0,9,steiner,GENERATED,100,1076,9711,97,1079,100,0 days 00:00:29.889125000,100,1604,1749,92,1696,100,,,,gray,nash,count,0.05555555555555555,36q-line
0,10,steiner,GENERATED,100,1040,9159,100,1045,100,0 days 00:00:30.371936000,100,1624,1724,96,1720,100,,,,gray,nash,count,0.05555555555555555,36q-line
0,11,steiner,GENERATED,100,1059,9579,100,1063,100,0 days 00:00:29.024691000,100,1629,1733,95,1724,100,,,,gray,nash,count,0.05555555555555555,36q-line
0,12,steiner,GENERATED,100,1109,9744,98,1114,100,0 days 00:00:30.539594000,100,1584,1686,95,1679,100,,,,gray,nash,count,0.05555555555555555,36q-line
0,13,steiner,GENERATED,100,1099,9457,100,1106,100,0 days 00:00:29.560975000,100,1644,1747,95,1739,100,,,,gray,nash,count,0.05555555555555555,36q-line
0,14,steiner,GENERATED,100,1105,8879,98,1111,100,0 days 00:00:28.429167000,100,1604,1734,94,1698,100,,,,gray,nash,count,0.05555555555555555,36q-line
0,15,steiner,GENERATED,100,1076,9209,99,1084,100,0 days 00:00:30.051759000,100,1573,1688,95,1668,100,,,,gray,nash,count,0.05555555555555555,36q-line
0,16,steiner,GENERATED,100,1074,9277,99,1082,100,0 days 00:00:30.172731000,100,1587,1657,97,1684,100,,,,gray,nash,count,0.05555555555555555,36q-line
0,17,steiner,GENERATED,100,1072,9673,99,1076,100,0 days 00:00:30.438322000,100,1606,1727,95,1701,100,,,,gray,nash,count,0.05555555555555555,36q-line
0,18,steiner,GENERATED,100,1062,9187,100,1067,100,0 days 00:00:29.212408000,100,1630,1756,94,1724,100,,,,gray,nash,count,0.05555555555555555,36q-line
0,19,steiner,GENERATED,100,1056,8732,100,1063,100,0 days 00:00:29.587128000,100,1585,1733,93,1678,100,,,,gray,nash,count,0.05555555555555555,36q-line
0,0,steiner,GENERATED,100,948,9465,83,957,100,0 days 00:00:13.638246000,100,2250,2468,93,2343,100,,,,arianne,,count,0.04081632653061224,49q-line
0,1,steiner,GENERATED,100,857,9660,70,860,100,0 days 00:00:13.559448000,100,2250,2387,95,2345,100,,,,arianne,,count,0.04081632653061224,49q-line
0,2,steiner,GENERATED,100,856,9421,80,860,100,0 days 00:00:13.849102000,100,2240,2400,95,2335,100,,,,arianne,,count,0.04081632653061224,49q-line
0,3,steiner,GENERATED,100,938,9627,99,955,100,0 days 00:00:13.907362000,100,2292,2396,96,2388,100,,,,arianne,,count,0.04081632653061224,49q-line
0,4,steiner,GENERATED,100,873,9603,71,876,100,0 days 00:00:15.408372000,100,2256,2409,95,2351,100,,,,arianne,,count,0.04081632653061224,49q-line
0,5,steiner,GENERATED,100,937,9663,66,939,100,0 days 00:00:14.137129000,100,2153,2451,90,2243,100,,,,arianne,,count,0.04081632653061224,49q-line
0,6,steiner,GENERATED,100,843,9537,62,843,100,0 days 00:00:13.905175000,100,2265,2397,95,2360,100,,,,arianne,,count,0.04081632653061224,49q-line
0,7,steiner,GENERATED,100,895,9508,60,895,100,0 days 00:00:14.109398000,100,2218,2388,94,2312,100,,,,arianne,,count,0.04081632653061224,49q-line
0,8,steiner,GENERATED,100,937,9651,91,942,100,0 days 00:00:13.587710000,100,2229,2364,95,2324,100,,,,arianne,,count,0.04081632653061224,49q-line
0,9,steiner,GENERATED,100,827,9360,59,827,100,0 days 00:00:13.671125000,100,2269,2410,95,2364,100,,,,arianne,,count,0.04081632653061224,49q-line
0,10,steiner,GENERATED,100,901,9623,98,917,100,0 days 00:00:13.755535000,100,2251,2370,96,2347,100,,,,arianne,,count,0.04081632653061224,49q-line
0,11,steiner,GENERATED,100,838,9522,70,841,100,0 days 00:00:13.207174000,100,2280,2493,93,2373,100,,,,arianne,,count,0.04081632653061224,49q-line
0,12,steiner,GENERATED,100,871,9409,58,871,100,0 days 00:00:13.258276000,100,2155,2359,93,2248,100,,,,arianne,,count,0.04081632653061224,49q-line
0,13,steiner,GENERATED,100,855,9560,83,855,100,0 days 00:00:13.474465000,100,2256,2398,95,2351,100,,,,arianne,,count,0.04081632653061224,49q-line
0,14,steiner,GENERATED,100,826,9373,62,827,100,0 days 00:00:13.103371000,100,2289,2389,97,2386,100,,,,arianne,,count,0.04081632653061224,49q-line
0,15,steiner,GENERATED,100,961,9526,91,971,100,0 days 00:00:13.380057000,100,2218,2348,96,2314,100,,,,arianne,,count,0.04081632653061224,49q-line
0,16,steiner,GENERATED,100,821,9570,64,824,100,0 days 00:00:13.566652000,100,2229,2412,94,2323,100,,,,arianne,,count,0.04081632653061224,49q-line
0,17,steiner,GENERATED,100,915,9618,92,922,100,0 days 00:00:13.513914000,100,2205,2476,91,2296,100,,,,arianne,,count,0.04081632653061224,49q-line
0,18,steiner,GENERATED,100,905,9451,81,910,100,0 days 00:00:13.421577000,100,2207,2424,92,2299,100,,,,arianne,,count,0.04081632653061224,49q-line
0,19,steiner,GENERATED,100,863,9614,72,868,100,0 days 00:00:13.418078000,100,2202,2393,94,2296,100,,,,arianne,,count,0.04081632653061224,49q-line
0,0,tket,GENERATED,,27557,41610,97,27631,100,0 days 00:00:07.754527000,100,2250,2468,93,2343,100,,,,gray,nash,count,0.04081632653061224,49q-line
0,1,tket,GENERATED,,27922,40703,99,28005,100,0 days 00:00:07.494200000,100,2250,2387,95,2345,100,,,,gray,nash,count,0.04081632653061224,49q-line
0,2,tket,GENERATED,,30021,42899,100,30105,100,0 days 00:00:07.698428000,100,2240,2400,95,2335,100,,,,gray,nash,count,0.04081632653061224,49q-line
0,3,tket,GENERATED,,29033,40243,100,29119,100,0 days 00:00:07.684903000,100,2292,2396,96,2388,100,,,,gray,nash,count,0.04081632653061224,49q-line
0,4,tket,GENERATED,,30673,43856,99,30746,100,0 days 00:00:08.730434000,100,2256,2409,95,2351,100,,,,gray,nash,count,0.04081632653061224,49q-line
0,5,tket,GENERATED,,27558,42313,96,27635,100,0 days 00:00:08.573616000,100,2153,2451,90,2243,100,,,,gray,nash,count,0.04081632653061224,49q-line
0,6,tket,GENERATED,,28277,40071,99,28344,100,0 days 00:00:07.680249000,100,2265,2397,95,2360,100,,,,gray,nash,count,0.04081632653061224,49q-line
0,7,tket,GENERATED,,29224,42295,99,29306,100,0 days 00:00:07.802686000,100,2218,2388,94,2312,100,,,,gray,nash,count,0.04081632653061224,49q-line
0,8,tket,GENERATED,,30237,43579,100,30314,100,0 days 00:00:08.328000000,100,2229,2364,95,2324,100,,,,gray,nash,count,0.04081632653061224,49q-line
0,9,tket,GENERATED,,28887,41272,99,28977,100,0 days 00:00:08.382664000,100,2269,2410,95,2364,100,,,,gray,nash,count,0.04081632653061224,49q-line
0,10,tket,GENERATED,,30318,42074,100,30398,100,0 days 00:00:08.035534000,100,2251,2370,96,2347,100,,,,gray,nash,count,0.04081632653061224,49q-line
0,11,tket,GENERATED,,28874,42607,99,28948,100,0 days 00:00:08.158216000,100,2280,2493,93,2373,100,,,,gray,nash,count,0.04081632653061224,49q-line
0,12,tket,GENERATED,,28220,42329,98,28297,100,0 days 00:00:08.805443000,100,2155,2359,93,2248,100,,,,gray,nash,count,0.04081632653061224,49q-line
0,13,tket,GENERATED,,29347,44613,99,29426,100,0 days 00:00:09.222080000,100,2256,2398,95,2351,100,,,,gray,nash,count,0.04081632653061224,49q-line
0,14,tket,GENERATED,,29724,41224,100,29806,100,0 days 00:00:07.798636000,100,2289,2389,97,2386,100,,,,gray,nash,count,0.04081632653061224,49q-line
0,15,tket,GENERATED,,29188,41770,99,29268,100,0 days 00:00:08.256582000,100,2218,2348,96,2314,100,,,,gray,nash,count,0.04081632653061224,49q-line
0,16,tket,GENERATED,,28398,43595,98,28467,100,0 days 00:00:09.050691000,100,2229,2412,94,2323,100,,,,gray,nash,count,0.04081632653061224,49q-line
0,17,tket,GENERATED,,28333,41908,97,28412,100,0 days 00:00:12.687508000,100,2205,2476,91,2296,100,,,,gray,nash,count,0.04081632653061224,49q-line
0,18,tket,GENERATED,,28534,43081,99,28601,100,0 days 00:00:07.603560000,100,2207,2424,92,2299,100,,,,gray,nash,count,0.04081632653061224,49q-line
0,19,tket,GENERATED,,28587,41167,100,28664,100,0 days 00:00:06.744358000,100,2202,2393,94,2296,100,,,,gray,nash,count,0.04081632653061224,49q-line
0,0,steiner,GENERATED,100,1269,14860,100,1274,100,0 days 00:01:04.756651000,100,2250,2468,93,2343,100,,,,gray,nash,count,0.04081632653061224,49q-line
0,1,steiner,GENERATED,100,1251,14124,100,1259,100,0 days 00:01:04.931261000,100,2250,2387,95,2345,100,,,,gray,nash,count,0.04081632653061224,49q-line
0,2,steiner,GENERATED,100,1286,13861,100,1292,100,0 days 00:01:00.029756000,100,2240,2400,95,2335,100,,,,gray,nash,count,0.04081632653061224,49q-line
0,3,steiner,GENERATED,100,1271,14653,97,1276,100,0 days 00:00:58.865381000,100,2292,2396,96,2388,100,,,,gray,nash,count,0.04081632653061224,49q-line
0,4,steiner,GENERATED,100,1313,14286,99,1319,100,0 days 00:00:50.328594000,100,2256,2409,95,2351,100,,,,gray,nash,count,0.04081632653061224,49q-line
0,5,steiner,GENERATED,100,1310,13680,98,1320,100,0 days 00:00:40.483822000,100,2153,2451,90,2243,100,,,,gray,nash,count,0.04081632653061224,49q-line
0,6,steiner,GENERATED,100,1245,14489,100,1251,100,0 days 00:00:47.914794000,100,2265,2397,95,2360,100,,,,gray,nash,count,0.04081632653061224,49q-line
0,7,steiner,GENERATED,100,1244,14839,99,1246,100,0 days 00:00:40.667138000,100,2218,2388,94,2312,100,,,,gray,nash,count,0.04081632653061224,49q-line
0,8,steiner,GENERATED,100,1252,14507,98,1257,100,0 days 00:00:41.288773000,100,2229,2364,95,2324,100,,,,gray,nash,count,0.04081632653061224,49q-line
0,9,steiner,GENERATED,100,1273,14711,100,1277,100,0 days 00:00:42.586320000,100,2269,2410,95,2364,100,,,,gray,nash,count,0.04081632653061224,49q-line
0,10,steiner,GENERATED,100,1458,13880,96,1464,100,0 days 00:00:46.163406000,100,2251,2370,96,2347,100,,,,gray,nash,count,0.04081632653061224,49q-line
0,11,steiner,GENERATED,100,1259,14128,97,1263,100,0 days 00:00:47.925901000,100,2280,2493,93,2373,100,,,,gray,nash,count,0.04081632653061224,49q-line
0,12,steiner,GENERATED,100,1274,13605,100,1279,100,0 days 00:00:57.760243000,100,2155,2359,93,2248,100,,,,gray,nash,count,0.04081632653061224,49q-line
0,13,steiner,GENERATED,100,1249,14649,97,1250,100,0 days 00:00:47.537479000,100,2256,2398,95,2351,100,,,,gray,nash,count,0.04081632653061224,49q-line
0,14,steiner,GENERATED,100,1248,14262,99,1250,100,0 days 00:00:44.118151000,100,2289,2389,97,2386,100,,,,gray,nash,count,0.04081632653061224,49q-line
0,15,steiner,GENERATED,100,1263,14207,98,1270,100,0 days 00:00:48.272923000,100,2218,2348,96,2314,100,,,,gray,nash,count,0.04081632653061224,49q-line
0,16,steiner,GENERATED,100,1362,14281,98,1366,100,0 days 00:00:45.896732000,100,2229,2412,94,2323,100,,,,gray,nash,count,0.04081632653061224,49q-line
0,17,steiner,GENERATED,100,1247,13971,100,1253,100,0 days 00:00:50.526641000,100,2205,2476,91,2296,100,,,,gray,nash,count,0.04081632653061224,49q-line
0,18,steiner,GENERATED,100,1266,13691,100,1269,100,0 days 00:00:44.960979000,100,2207,2424,92,2299,100,,,,gray,nash,count,0.04081632653061224,49q-line
0,19,steiner,GENERATED,100,1282,14700,100,1285,100,0 days 00:00:46.194041000,100,2202,2393,94,2296,100,,,,gray,nash,count,0.04081632653061224,49q-line
0,0,steiner,GENERATED,100,1003,13688,69,1006,100,0 days 00:00:16.330221000,100,2992,3156,96,3088,100,,,,arianne,,count,0.03125,64q-line
0,1,steiner,GENERATED,100,987,13667,66,991,100,0 days 00:00:18.605504000,100,2966,3211,94,3060,100,,,,arianne,,count,0.03125,64q-line
0,2,steiner,GENERATED,100,1054,13380,94,1065,100,0 days 00:00:16.210271000,100,3033,3259,94,3127,100,,,,arianne,,count,0.03125,64q-line
0,3,steiner,GENERATED,100,1045,13728,78,1054,100,0 days 00:00:17.204303000,100,2974,3157,96,3070,100,,,,arianne,,count,0.03125,64q-line
0,4,steiner,GENERATED,100,1003,13700,63,1003,100,0 days 00:00:16.823648000,100,3012,3225,95,3107,100,,,,arianne,,count,0.03125,64q-line
0,5,steiner,GENERATED,100,1062,13660,87,1072,100,0 days 00:00:18.153892000,100,3075,3191,96,3171,100,,,,arianne,,count,0.03125,64q-line
0,6,steiner,GENERATED,100,1017,13552,95,1023,100,0 days 00:00:17.437982000,100,2973,3317,90,3063,100,,,,arianne,,count,0.03125,64q-line
0,7,steiner,GENERATED,100,978,13701,56,978,100,0 days 00:00:16.471796000,100,2977,3225,94,3071,100,,,,arianne,,count,0.03125,64q-line
0,8,steiner,GENERATED,100,1067,14009,75,1072,100,0 days 00:00:16.291564000,100,2962,3132,96,3058,100,,,,arianne,,count,0.03125,64q-line
0,9,steiner,GENERATED,100,1031,13635,93,1041,100,0 days 00:00:16.817938000,100,3016,3175,96,3112,100,,,,arianne,,count,0.03125,64q-line
0,10,steiner,GENERATED,100,1042,13719,85,1046,100,0 days 00:00:16.262166000,100,3016,3149,96,3112,100,,,,arianne,,count,0.03125,64q-line
0,11,steiner,GENERATED,100,991,13659,71,992,100,0 days 00:00:16.058841000,100,3003,3151,96,3099,100,,,,arianne,,count,0.03125,64q-line
0,12,steiner,GENERATED,100,990,13732,73,997,100,0 days 00:00:15.906697000,100,3058,3236,96,3154,100,,,,arianne,,count,0.03125,64q-line
0,13,steiner,GENERATED,100,1047,13924,85,1051,100,0 days 00:00:15.937487000,100,2976,3213,94,3070,100,,,,arianne,,count,0.03125,64q-line
0,14,steiner,GENERATED,100,1080,13722,91,1090,100,0 days 00:00:16.189534000,100,2983,3242,93,3076,100,,,,arianne,,count,0.03125,64q-line
0,15,steiner,GENERATED,100,1082,13977,78,1091,100,0 days 00:00:16.298339000,100,3004,3211,94,3098,100,,,,arianne,,count,0.03125,64q-line
0,16,steiner,GENERATED,100,982,13519,68,987,100,0 days 00:00:20.383029000,100,3014,3256,94,3108,100,,,,arianne,,count,0.03125,64q-line
0,17,steiner,GENERATED,100,1045,13908,76,1051,100,0 days 00:00:17.399309000,100,3044,3215,96,3140,100,,,,arianne,,count,0.03125,64q-line
0,18,steiner,GENERATED,100,980,13629,57,980,100,0 days 00:00:15.904760000,100,2960,3296,92,3052,100,,,,arianne,,count,0.03125,64q-line
0,19,steiner,GENERATED,100,1007,13764,57,1007,100,0 days 00:00:15.842311000,100,3027,3122,97,3124,100,,,,arianne,,count,0.03125,64q-line
0,0,steiner,GENERATED,100,972,13777,61,972,100,0 days 00:00:17.133652000,100,2973,3197,95,3068,100,,,,arianne,,count,0.03125,64q-line
0,1,steiner,GENERATED,100,1012,13878,97,1021,100,0 days 00:00:17.319773000,100,2903,3221,92,2995,100,,,,arianne,,count,0.03125,64q-line
0,2,steiner,GENERATED,100,932,13761,68,932,100,0 days 00:00:16.807252000,100,3071,3162,97,3168,100,,,,arianne,,count,0.03125,64q-line
0,3,steiner,GENERATED,100,1040,13849,66,1040,100,0 days 00:00:17.507709000,100,3135,3366,94,3229,100,,,,arianne,,count,0.03125,64q-line
0,4,steiner,GENERATED,100,1070,13866,77,1070,100,0 days 00:00:16.652015000,100,2961,3219,93,3054,100,,,,arianne,,count,0.03125,64q-line
0,5,steiner,GENERATED,100,1054,13715,97,1066,100,0 days 00:00:16.573672000,100,2951,3183,94,3045,100,,,,arianne,,count,0.03125,64q-line
0,6,steiner,GENERATED,100,1046,13859,62,1046,100,0 days 00:00:17.125044000,100,3043,3191,96,3139,100,,,,arianne,,count,0.03125,64q-line
0,7,steiner,GENERATED,100,978,13445,76,978,100,0 days 00:00:20.785405000,100,2968,3135,96,3064,100,,,,arianne,,count,0.03125,64q-line
0,8,steiner,GENERATED,100,1000,13700,90,1008,100,0 days 00:00:21.022280000,100,3047,3227,95,3142,100,,,,arianne,,count,0.03125,64q-line
0,9,steiner,GENERATED,100,1013,13851,75,1019,100,0 days 00:00:17.329151000,100,2989,3314,91,3080,100,,,,arianne,,count,0.03125,64q-line
0,10,steiner,GENERATED,100,1020,13472,82,1026,100,0 days 00:00:17.843527000,100,3009,3103,97,3106,100,,,,arianne,,count,0.03125,64q-line
0,11,steiner,GENERATED,100,1078,13974,85,1089,100,0 days 00:00:17.722325000,100,3064,3237,96,3160,100,,,,arianne,,count,0.03125,64q-line
0,12,steiner,GENERATED,100,1026,13699,94,1036,100,0 days 00:00:17.968607000,100,3073,3251,95,3168,100,,,,arianne,,count,0.03125,64q-line
0,13,steiner,GENERATED,100,1029,13845,80,1036,100,0 days 00:00:17.431894000,100,3006,3229,95,3101,100,,,,arianne,,count,0.03125,64q-line
0,14,steiner,GENERATED,100,991,13609,85,991,100,0 days 00:00:24.859215000,100,2988,3215,94,3082,100,,,,arianne,,count,0.03125,64q-line
0,15,steiner,GENERATED,100,995,13763,66,995,100,0 days 00:00:17.852026000,100,3013,3204,95,3108,100,,,,arianne,,count,0.03125,64q-line
0,16,steiner,GENERATED,100,1093,14043,75,1103,100,0 days 00:00:17.732113000,100,2918,3155,94,3012,100,,,,arianne,,count,0.03125,64q-line
0,17,steiner,GENERATED,100,972,13795,64,972,100,0 days 00:00:18.887888000,100,3060,3267,95,3155,100,,,,arianne,,count,0.03125,64q-line
0,18,steiner,GENERATED,100,1029,13667,80,1033,100,0 days 00:00:18.389763000,100,3023,3178,96,3119,100,,,,arianne,,count,0.03125,64q-line
0,19,steiner,GENERATED,100,1087,13871,63,1092,100,0 days 00:00:18.179704000,100,3050,3290,95,3145,100,,,,arianne,,count,0.03125,64q-line
0,0,tket,GENERATED,,40301,58886,100,40384,100,0 days 00:00:07.864604000,100,2973,3197,95,3068,100,,,,gray,nash,count,0.03125,64q-line
0,1,tket,GENERATED,,40748,57931,99,40829,100,0 days 00:00:07.554412000,100,2903,3221,92,2995,100,,,,gray,nash,count,0.03125,64q-line
0,2,tket,GENERATED,,41829,57636,100,41918,100,0 days 00:00:07.794501000,100,3071,3162,97,3168,100,,,,gray,nash,count,0.03125,64q-line
0,3,tket,GENERATED,,42204,61725,99,42288,100,0 days 00:00:08.494829000,100,3135,3366,94,3229,100,,,,gray,nash,count,0.03125,64q-line
0,4,tket,GENERATED,,40480,57981,98,40567,100,0 days 00:00:07.765957000,100,2961,3219,93,3054,100,,,,gray,nash,count,0.03125,64q-line
0,5,tket,GENERATED,,40433,59860,99,40508,100,0 days 00:00:08.124739000,100,2951,3183,94,3045,100,,,,gray,nash,count,0.03125,64q-line
0,6,tket,GENERATED,,42994,59442,100,43082,100,0 days 00:00:08.953631000,100,3043,3191,96,3139,100,,,,gray,nash,count,0.03125,64q-line
0,7,tket,GENERATED,,41809,56978,100,41901,100,0 days 00:00:08.477662000,100,2968,3135,96,3064,100,,,,gray,nash,count,0.03125,64q-line
0,8,tket,GENERATED,,43834,59163,97,43909,100,0 days 00:00:08.130005000,100,3047,3227,95,3142,100,,,,gray,nash,count,0.03125,64q-line
0,9,tket,GENERATED,,48546,73182,99,48635,100,0 days 00:00:10.076920000,100,2989,3314,91,3080,100,,,,gray,nash,count,0.03125,64q-line
0,10,tket,GENERATED,,42145,58280,99,42240,100,0 days 00:00:07.268249000,100,3009,3103,97,3106,100,,,,gray,nash,count,0.03125,64q-line
0,11,tket,GENERATED,,41488,57111,99,41568,100,0 days 00:00:07.487462000,100,3064,3237,96,3160,100,,,,gray,nash,count,0.03125,64q-line
0,12,tket,GENERATED,,41757,59557,99,41841,100,0 days 00:00:07.424270000,100,3073,3251,95,3168,100,,,,gray,nash,count,0.03125,64q-line
0,13,tket,GENERATED,,40667,56188,98,40751,100,0 days 00:00:07.541569000,100,3006,3229,95,3101,100,,,,gray,nash,count,0.03125,64q-line
0,14,tket,GENERATED,,45613,65762,99,45694,100,0 days 00:00:08.224158000,100,2988,3215,94,3082,100,,,,gray,nash,count,0.03125,64q-line
0,15,tket,GENERATED,,44524,64605,100,44602,100,0 days 00:00:10.689396000,100,3013,3204,95,3108,100,,,,gray,nash,count,0.03125,64q-line
0,16,tket,GENERATED,,41817,59466,97,41902,100,0 days 00:00:08.440253000,100,2918,3155,94,3012,100,,,,gray,nash,count,0.03125,64q-line
0,17,tket,GENERATED,,43086,60934,100,43176,100,0 days 00:00:09.400371000,100,3060,3267,95,3155,100,,,,gray,nash,count,0.03125,64q-line
0,18,tket,GENERATED,,42496,59932,100,42570,100,0 days 00:00:08.577666000,100,3023,3178,96,3119,100,,,,gray,nash,count,0.03125,64q-line
0,19,tket,GENERATED,,42706,63172,99,42772,100,0 days 00:00:08.188819000,100,3050,3290,95,3145,100,,,,gray,nash,count,0.03125,64q-line
0,0,steiner,GENERATED,100,1534,19835,100,1540,100,0 days 00:01:22.650557000,100,2973,3197,95,3068,100,,,,gray,nash,count,0.03125,64q-line
0,1,steiner,GENERATED,100,1496,20483,100,1499,100,0 days 00:01:25.491271000,100,2903,3221,92,2995,100,,,,gray,nash,count,0.03125,64q-line
0,2,steiner,GENERATED,100,1448,20313,98,1452,100,0 days 00:01:24.825117000,100,3071,3162,97,3168,100,,,,gray,nash,count,0.03125,64q-line
0,3,steiner,GENERATED,100,1401,19690,98,1410,100,0 days 00:01:24.175417000,100,3135,3366,94,3229,100,,,,gray,nash,count,0.03125,64q-line
0,4,steiner,GENERATED,100,1453,20507,99,1458,100,0 days 00:01:21.938211000,100,2961,3219,93,3054,100,,,,gray,nash,count,0.03125,64q-line
0,5,steiner,GENERATED,100,1440,20249,100,1445,100,0 days 00:01:25.598132000,100,2951,3183,94,3045,100,,,,gray,nash,count,0.03125,64q-line
0,6,steiner,GENERATED,100,1462,20863,100,1468,100,0 days 00:01:24.194578000,100,3043,3191,96,3139,100,,,,gray,nash,count,0.03125,64q-line
0,7,steiner,GENERATED,100,1461,20396,100,1467,100,0 days 00:01:24.304645000,100,2968,3135,96,3064,100,,,,gray,nash,count,0.03125,64q-line
0,8,steiner,GENERATED,100,1415,19674,100,1424,100,0 days 00:01:23.266618000,100,3047,3227,95,3142,100,,,,gray,nash,count,0.03125,64q-line
0,9,steiner,GENERATED,100,1431,20548,99,1435,100,0 days 00:01:26.428770000,100,2989,3314,91,3080,100,,,,gray,nash,count,0.03125,64q-line
0,10,steiner,GENERATED,100,1492,21289,98,1496,100,0 days 00:01:25.726633000,100,3009,3103,97,3106,100,,,,gray,nash,count,0.03125,64q-line
0,11,steiner,GENERATED,100,1477,20092,100,1488,100,0 days 00:01:24.901872000,100,3064,3237,96,3160,100,,,,gray,nash,count,0.03125,64q-line
0,12,steiner,GENERATED,100,1648,20235,98,1656,100,0 days 00:01:24.082293000,100,3073,3251,95,3168,100,,,,gray,nash,count,0.03125,64q-line
0,13,steiner,GENERATED,100,1422,19249,99,1426,100,0 days 00:01:22.373764000,100,3006,3229,95,3101,100,,,,gray,nash,count,0.03125,64q-line
0,14,steiner,GENERATED,100,1525,20912,99,1529,100,0 days 00:01:23.981197000,100,2988,3215,94,3082,100,,,,gray,nash,count,0.03125,64q-line
0,15,steiner,GENERATED,100,1432,19902,99,1436,100,0 days 00:01:23.381723000,100,3013,3204,95,3108,100,,,,gray,nash,count,0.03125,64q-line
0,16,steiner,GENERATED,100,1425,19546,100,1430,100,0 days 00:01:22.503554000,100,2918,3155,94,3012,100,,,,gray,nash,count,0.03125,64q-line
0,17,steiner,GENERATED,100,1412,20126,98,1415,100,0 days 00:01:23.986718000,100,3060,3267,95,3155,100,,,,gray,nash,count,0.03125,64q-line
0,18,steiner,GENERATED,100,1801,20950,100,1804,100,0 days 00:01:25.721629000,100,3023,3178,96,3119,100,,,,gray,nash,count,0.03125,64q-line
0,19,steiner,GENERATED,100,1478,19941,99,1486,100,0 days 00:01:24.130280000,100,3050,3290,95,3145,100,,,,gray,nash,count,0.03125,64q-line
